Type,ConditionLabel,Numeral,BaseFormOfTargetNoun,FinalSentence,TargetAudioFile,PathOfAudioFile,Group,OutputAudioFile,PluralFormOfTargetNoun,CountFormOfTargetNoun,OtherPluralForm
target1,A,два,месец,В паметта на човека изплуваха два изминали,Targets_STE-001_mono.wav,Targets_STE-001_mono.wav,A,target1_A_месец_два_A,месеци,месеца,
target1,APN,два,месец,В паметта на човека изплуваха два изминали преди време,Targets_STE-002_mono.wav,Targets_STE-002_mono.wav,B,target1_APN_месец_два_B,месеци,месеца,
target1,APAdvAN,два,месец,В паметта на човека изплуваха два изминали преди много дълго време,Targets_STE-003_mono.wav,Targets_STE-003_mono.wav,C,target1_APAdvAN_месец_два_C,месеци,месеца,
target1,A,три,кладенец,Като мираж в пустинята проблясваха три пълни,Targets_STE-004_mono.wav,Targets_STE-004_mono.wav,C,target1_A_кладенец_три_C,кладенци,кладенеца,
target1,APN,три,кладенец,Като мираж в пустинята проблясваха три пълни с камъчета,Targets_STE-005_mono.wav,Targets_STE-005_mono.wav,A,target1_APN_кладенец_три_A,кладенци,кладенеца,
target1,APAdvAN,три,кладенец,Като мираж в пустинята проблясваха три пълни с много бляскави камъчета,Targets_STE-006_mono.wav,Targets_STE-006_mono.wav,B,target1_APAdvAN_кладенец_три_B,кладенци,кладенеца,
target1,A,два,град,В страната процъфтяваха два посещавани,Targets_STE-007_mono.wav,Targets_STE-007_mono.wav,B,target1_A_град_два_B,градове,града,
target1,APN,два,град,В страната процъфтяваха два посещавани от туристката,Targets_STE-008_mono.wav,Targets_STE-008_mono.wav,C,target1_APN_град_два_C,градове,града,
target1,APAdvAN,два,град,В страната процъфтяваха два посещавани от много заинтересoваната туристка,Targets_STE-009_mono.wav,Targets_STE-009_mono.wav,A,target1_APAdvAN_град_два_A,градове,града,
target1,A,три,товар,Сутринта пристигнаха три превозeни,Targets_STE-010_mono.wav,Targets_STE-010_mono.wav,A,target1_A_товар_три_A,товари,товара,
target1,APN,три,товар,Сутринта пристигнаха три превозeни от колата,Targets_STE-011_mono.wav,Targets_STE-011_mono.wav,B,target1_APN_товар_три_B,товари,товара,
target1,APAdvAN,три,товар,Сутринта пристигнаха три превозeни от много голямата кола,Targets_STE-012_mono.wav,Targets_STE-012_mono.wav,C,target1_APAdvAN_товар_три_C,товари,товара,
target1,A,четири,възел,На кораба пътниците впечатляваха четири направени,Targets_STE-013_mono.wav,Targets_STE-013_mono.wav,C,target1_A_възел_четири_C,възли,възела,възели
target1,APN,четири,възел,На кораба пътниците впечатляваха четири направени от чистачката,Targets_STE-014_mono.wav,Targets_STE-014_mono.wav,A,target1_APN_възел_четири_A,възли,възела,възели
target1,APAdvAN,четири,възел,На кораба пътниците впечатляваха четири направени от много сръчната чистачка,Targets_STE-015_mono.wav,Targets_STE-015_mono.wav,B,target1_APAdvAN_възел_четири_B,възли,възела,възели
target1,A,пет,ъгъл,На дъската учениците занимаваха пет начертани,Targets_STE-016_mono.wav,Targets_STE-016_mono.wav,B,target1_A_ъгъл_пет_B,ъгли,ъгъла,
target1,APN,пет,ъгъл,На дъската учениците занимаваха пет начертани от ученичката,Targets_STE-017_mono.wav,Targets_STE-017_mono.wav,C,target1_APN_ъгъл_пет_C,ъгли,ъгъла,
target1,APAdvAN,пет,ъгъл,На дъската учениците занимаваха пет начертани от много ученолюбивата ученичка,Targets_STE-018_mono.wav,Targets_STE-018_mono.wav,A,target1_APAdvAN_ъгъл_пет_A,ъгли,ъгъла,
target1,A,шест,кон,От ранчото избягаха шест опитомени,Targets_STE-019_mono.wav,Targets_STE-019_mono.wav,A,target1_A_кон_шест_A,коне,коня,
target1,APN,шест,кон,От ранчото избягаха шест опитомени от бабата,Targets_STE-020_mono.wav,Targets_STE-020_mono.wav,B,target1_APN_кон_шест_B,коне,коня,
target1,APAdvAN,шест,кон,От ранчото избягаха шест опитомени от много старата баба,Targets_STE-021_mono.wav,Targets_STE-021_mono.wav,C,target1_APAdvAN_кон_шест_C,коне,коня,
target1,A,седем,случай,На срещата публиката вълнуваха седем обсъждани,Targets_STE-022_mono.wav,Targets_STE-022_mono.wav,C,target1_A_случай_седем_C,случаи,случая,
target1,APN,седем,случай,На срещата публиката вълнуваха седем обсъждани от професорката,Targets_STE-023_mono.wav,Targets_STE-023_mono.wav,A,target1_APN_случай_седем_A,случаи,случая,
target1,APAdvAN,седем,случай,На срещата публиката вълнуваха седем обсъждани от много запознатата професорка,Targets_STE-024_mono.wav,Targets_STE-024_mono.wav,B,target1_APAdvAN_случай_седем_B,случаи,случая,
target1,A,два,венец,Главата на войника красяха два изплетени,Targets_STE-025_mono.wav,Targets_STE-025_mono.wav,B,target1_A_венец_два_B,венци,венеца,
target1,APN,два,венец,Главата на войника красяха два изплетени от вдовицата,Targets_STE-026_mono.wav,Targets_STE-026_mono.wav,C,target1_APN_венец_два_C,венци,венеца,
target1,APAdvAN,два,венец,Главата на войника красяха два изплетени от много добрата вдовица,Targets_STE-027_mono.wav,Targets_STE-027_mono.wav,A,target1_APAdvAN_венец_два_A,венци,венеца,
target1,A,четири,критерий,Следващите стъпки определиха четири съществени,Targets_STE-028_mono.wav,Targets_STE-028_mono.wav,A,target1_A_критерий_четири_A,критерии,критерия,
target1,APN,четири,критерий,Следващите стъпки определиха четири съществени за събранието,Targets_STE-029_mono.wav,Targets_STE-029_mono.wav,B,target1_APN_критерий_четири_B,критерии,критерия,
target1,APAdvAN,четири,критерий,Следващите стъпки определиха четири съществени за много голямото събрание,Targets_STE-030_mono.wav,Targets_STE-030_mono.wav,C,target1_APAdvAN_критерий_четири_C,критерии,критерия,
target1,A,пет,тюлен,На полюса зимата преживяха пет оцелели,Targets_STE-031_mono.wav,Targets_STE-031_mono.wav,C,target1_A_тюлен_пет_C,тюлени,тюлена,
target1,APN,пет,тюлен,На полюса зимата преживяха пет оцелели след заледяването,Targets_STE-032_mono.wav,Targets_STE-032_mono.wav,A,target1_APN_тюлен_пет_A,тюлени,тюлена,
target1,APAdvAN,пет,тюлен,На полюса зимата преживяха пет оцелели след много рязкото заледяване,Targets_STE-033_mono.wav,Targets_STE-033_mono.wav,B,target1_APAdvAN_тюлен_пет_B,тюлени,тюлена,
target1,A,три,дукат,Голямата сензация на търга станаха три продадени,Targets_STE-034_mono.wav,Targets_STE-034_mono.wav,B,target1_A_дукат_три_B,дукати,дуката,
target1,APN,три,дукат,Голямата сензация на търга станаха три продадени от дамата,Targets_STE-035_mono.wav,Targets_STE-035_mono.wav,C,target1_APN_дукат_три_C,дукати,дуката,
target1,APAdvAN,три,дукат,Голямата сензация на търга станаха три продадени от много възрастната дама,Targets_STE-036_mono.wav,Targets_STE-036_mono.wav,A,target1_APAdvAN_дукат_три_A,дукати,дуката,
target1,A,четири,образец,В класната стая дъската запълваха четири нарисувани,Targets_STE-037_mono.wav,Targets_STE-037_mono.wav,A,target1_A_образец_четири_A,образци,образеца,
target1,APN,четири,образец,В класната стая дъската запълваха четири нарисувани от преподавателката,Targets_STE-038_mono.wav,Targets_STE-038_mono.wav,B,target1_APN_образец_четири_B,образци,образеца,
target1,APAdvAN,четири,образец,В класната стая дъската запълваха четири нарисувани от много младата преподавателка,Targets_STE-039_mono.wav,Targets_STE-039_mono.wav,C,target1_APAdvAN_образец_четири_C,образци,образеца,
target1,A,шест,жребец,На свобода тичаха шест избягали,Targets_STE-040_mono.wav,Targets_STE-040_mono.wav,C,target1_A_жребец_шест_C,жребци,жребеца,
target1,APN,шест,жребец,На свобода тичаха шест избягали от ранчото,Targets_STE-041_mono.wav,Targets_STE-041_mono.wav,A,target1_APN_жребец_шест_A,жребци,жребеца,
target1,APAdvAN,шест,жребец,На свобода тичаха шест избягали от много голямото ранчо,Targets_STE-042_mono.wav,Targets_STE-042_mono.wav,B,target1_APAdvAN_жребец_шест_B,жребци,жребеца,
target1,A,седем,вълк,В гората виеха седем страшни,Targets_STE-043_mono.wav,Targets_STE-043_mono.wav,B,target1_A_вълк_седем_B,вълци,вълка,
target1,APN,седем,вълк,В гората виеха седем страшни за момичето,Targets_STE-044_mono.wav,Targets_STE-044_mono.wav,C,target1_APN_вълк_седем_C,вълци,вълка,
target1,APAdvAN,седем,вълк,В гората виеха седем страшни за много малкото момиче,Targets_STE-045_mono.wav,Targets_STE-045_mono.wav,A,target1_APAdvAN_вълк_седем_A,вълци,вълка,
target1,A,два,пръст,Вниманието на лекаря насочваха два надути,Targets_STE-046_mono.wav,Targets_STE-046_mono.wav,A,target1_A_пръст_два_A,пръсти,пръста,
target1,APN,два,пръст,Вниманието на лекаря насочваха два надути след лечението,Targets_STE-047_mono.wav,Targets_STE-047_mono.wav,B,target1_APN_пръст_два_B,пръсти,пръста,
target1,APAdvAN,два,пръст,Вниманието на лекаря насочваха два надути след много скъпото лечение,Targets_STE-048_mono.wav,Targets_STE-048_mono.wav,C,target1_APAdvAN_пръст_два_C,пръсти,пръста,
target1,A,три,сокол,От скривалището излетяха три подплашени,Targets_STE-049_mono.wav,Targets_STE-049_mono.wav,C,target1_A_сокол_три_C,соколи,сокола,
target1,APN,три,сокол,От скривалището излетяха три подплашени от плашилото,Targets_STE-050_mono.wav,Targets_STE-050_mono.wav,A,target1_APN_сокол_три_A,соколи,сокола,
target1,APAdvAN,три,сокол,От скривалището излетяха три подплашени от много голямото плашило,Targets_STE-051_mono.wav,Targets_STE-051_mono.wav,B,target1_APAdvAN_сокол_три_B,соколи,сокола,
target1,A,пет,огън,Онази нощ горяха пет пламнали,Targets_STE-052_mono.wav,Targets_STE-052_mono.wav,B,target1_A_огън_пет_B,огньове,огъня,
target1,APN,пет,огън,Онази нощ горяха пет пламнали в гората,Targets_STE-053_mono.wav,Targets_STE-053_mono.wav,C,target1_APN_огън_пет_C,огньове,огъня,
target1,APAdvAN,пет,огън,Онази нощ горяха пет пламнали в много гъстата гора,Targets_STE-054_mono.wav,Targets_STE-054_mono.wav,A,target1_APAdvAN_огън_пет_A,огньове,огъня,
target1,A,четири,прозорец,С поправката майстора затрудниха четири счупени,Targets_STE-055_mono.wav,Targets_STE-055_mono.wav,A,target1_A_прозорец_четири_A,прозорци,прозореца,
target1,APN,четири,прозорец,С поправката майстора затрудниха четири счупени от детето,Targets_STE-056_mono.wav,Targets_STE-056_mono.wav,B,target1_APN_прозорец_четири_B,прозорци,прозореца,
target1,APAdvAN,четири,прозорец,С поправката майстора затрудниха четири счупени от много малкото дете,Targets_STE-057_mono.wav,Targets_STE-057_mono.wav,C,target1_APAdvAN_прозорец_четири_C,прозорци,прозореца,
target1,A,пет,кораб,На пристанището чакаха пет повредени,Targets_STE-058_mono.wav,Targets_STE-058_mono.wav,C,target1_A_кораб_пет_C,кораби,кораба,
target1,APN,пет,кораб,На пристанището чакаха пет повредени от цунамито,Targets_STE-059_mono.wav,Targets_STE-059_mono.wav,A,target1_APN_кораб_пет_A,кораби,кораба,
target1,APAdvAN,пет,кораб,На пристанището чакаха пет повредени от много силното цунами,Targets_STE-060_mono.wav,Targets_STE-060_mono.wav,B,target1_APAdvAN_кораб_пет_B,кораби,кораба,
target1,A,шест,глас,На заседанито се откриха шест проблемни,Targets_STE-061_mono.wav,Targets_STE-061_mono.wav,B,target1_A_глас_шест_B,гласове,гласа,
target1,APN,шест,глас,На заседанито се откриха шест проблемни за заключението,Targets_STE-062_mono.wav,Targets_STE-062_mono.wav,C,target1_APN_глас_шест_C,гласове,гласа,
target1,APAdvAN,шест,глас,На заседанито се откриха шест проблемни за много важното заключение,Targets_STE-063_mono.wav,Targets_STE-063_mono.wav,A,target1_APAdvAN_глас_шест_A,гласове,гласа,
target1,A,седем,език,В страната се говореха седем разпространени,Targets_STE-064_mono.wav,Targets_STE-064_mono.wav,A,target1_A_език_седем_A,езици,езика,
target1,APN,седем,език,В страната се говореха седем разпространени след завоеванието,Targets_STE-065_mono.wav,Targets_STE-065_mono.wav,B,target1_APN_език_седем_B,езици,езика,
target1,APAdvAN,седем,език,В страната се говореха седем разпространени след много внезапното завоевание,Targets_STE-066_mono.wav,Targets_STE-066_mono.wav,C,target1_APAdvAN_език_седем_C,езици,езика,
target1,A,шест,дом,От плъхове гъмжаха шест ремонтирани,Targets_STE-067_mono.wav,Targets_STE-067_mono.wav,C,target1_A_дом_шест_C,домове,дома,
target1,APN,шест,дом,От плъхове гъмжаха шест ремонтирани от хазяйката,Targets_STE-068_mono.wav,Targets_STE-068_mono.wav,A,target1_APN_дом_шест_A,домове,дома,
target1,APAdvAN,шест,дом,От плъхове гъмжаха шест ремонтирани от много строгата хазяйка,Targets_STE-069_mono.wav,Targets_STE-069_mono.wav,B,target1_APAdvAN_дом_шест_B,домове,дома,
target1,A,седем,наръчник,Решение на проблема предлагаха седем препоръчани,Targets_STE-070_mono.wav,Targets_STE-070_mono.wav,B,target1_A_наръчник_седем_B,наръчници,наръчника,
target1,APN,седем,наръчник,Решение на проблема предлагаха седем препоръчани от лекарката,Targets_STE-071_mono.wav,Targets_STE-071_mono.wav,C,target1_APN_наръчник_седем_C,наръчници,наръчника,
target1,APAdvAN,седем,наръчник,Решение на проблема предлагаха седем препоръчани от много известната лекарка,Targets_STE-072_mono.wav,Targets_STE-072_mono.wav,A,target1_APAdvAN_наръчник_седем_A,наръчници,наръчника,
filler1,A,две,маса,В работилницата бяха поправени две счупени,Fillers1_STE-001_mono.wav,Fillers1_STE-001_mono.wav,A,filler1_A_маса_две_A,маси,маси,
filler1,APN,две,маса,В работилницата бяха поправени две счупени от децата,Fillers1_STE-002_mono.wav,Fillers1_STE-002_mono.wav,B,filler1_APN_маса_две_B,маси,маси,
filler1,APAdvAN,две,маса,В работилницата бяха поправени две счупени от много лошите деца,Fillers1_STE-003_mono.wav,Fillers1_STE-003_mono.wav,C,filler1_APAdvAN_маса_две_C,маси,маси,
filler1,A,три,риба,В чинията бяха сервирани три изпържени,Fillers1_STE-004_mono.wav,Fillers1_STE-004_mono.wav,C,filler1_A_риба_три_C,риби,риби,
filler1,APN,три,риба,В чинията бяха сервирани три изпържени от момчетата,Fillers1_STE-005_mono.wav,Fillers1_STE-005_mono.wav,A,filler1_APN_риба_три_A,риби,риби,
filler1,APAdvAN,три,риба,В чинията бяха сервирани три изпържени от много гладните момчета,Fillers1_STE-006_mono.wav,Fillers1_STE-006_mono.wav,B,filler1_APAdvAN_риба_три_B,риби,риби,
filler1,A,четири,задача,На контролното се появиха четири решени,Fillers1_STE-007_mono.wav,Fillers1_STE-007_mono.wav,B,filler1_A_задача_четири_B,задачи,задачи,
filler1,APN,четири,задача,На контролното се появиха четири решени от момичето,Fillers1_STE-008_mono.wav,Fillers1_STE-008_mono.wav,C,filler1_APN_задача_четири_C,задачи,задачи,
filler1,APAdvAN,четири,задача,На контролното се появиха четири решени от много ученолюбивото момиче,Fillers1_STE-009_mono.wav,Fillers1_STE-009_mono.wav,A,filler1_APAdvAN_задача_четири_A,задачи,задачи,
filler1,A,пет,принцеса,На коня седяха пет спасени,Fillers1_STE-010_mono.wav,Fillers1_STE-010_mono.wav,A,filler1_A_принцеса_пет_A,принцеси,принцеси,
filler1,APN,пет,принцеса,На коня седяха пет спасени от юначето,Fillers1_STE-011_mono.wav,Fillers1_STE-011_mono.wav,B,filler1_APN_принцеса_пет_B,принцеси,принцеси,
filler1,APAdvAN,пет,принцеса,На коня седяха пет спасени от много смелото юначе,Fillers1_STE-012_mono.wav,Fillers1_STE-012_mono.wav,C,filler1_APAdvAN_принцеса_пет_C,принцеси,принцеси,
filler1,A,шест,купичка,В шкафа стояха шест пълни,Fillers1_STE-013_mono.wav,Fillers1_STE-013_mono.wav,C,filler1_A_купичка_шест_C,купички,купички,
filler1,APN,шест,купичка,В шкафа стояха шест пълни с камъчета,Fillers1_STE-014_mono.wav,Fillers1_STE-014_mono.wav,A,filler1_APN_купичка_шест_A,купички,купички,
filler1,APAdvAN,шест,купичка,В шкафа стояха шест пълни с много ценни камъчета,Fillers1_STE-015_mono.wav,Fillers1_STE-015_mono.wav,B,filler1_APAdvAN_купичка_шест_B,купички,купички,
filler1,A,седем,лодка,По водата се носеха седем инспектирани,Fillers1_STE-016_mono.wav,Fillers1_STE-016_mono.wav,B,filler1_A_лодка_седем_B,лодки,лодки,
filler1,APN,седем,лодка,По водата се носеха седем инспектирани от морячето,Fillers1_STE-017_mono.wav,Fillers1_STE-017_mono.wav,C,filler1_APN_лодка_седем_C,лодки,лодки,
filler1,APAdvAN,седем,лодка,По водата се носеха седем инспектирани от много отговорното моряче,Fillers1_STE-018_mono.wav,Fillers1_STE-018_mono.wav,A,filler1_APAdvAN_лодка_седем_A,лодки,лодки,
filler1,A,две,овца,В гората се изгубиха две подгонени,Fillers1_STE-019_mono.wav,Fillers1_STE-019_mono.wav,A,filler1_A_овца_две_A,овце,овце,
filler1,APN,две,овца,В гората се изгубиха две подгонени от вълчето,Fillers1_STE-020_mono.wav,Fillers1_STE-020_mono.wav,B,filler1_APN_овца_две_B,овце,овце,
filler1,APAdvAN,две,овца,В гората се изгубиха две подгонени от много малкото вълче,Fillers1_STE-021_mono.wav,Fillers1_STE-021_mono.wav,C,filler1_APAdvAN_овца_две_C,овце,овце,
filler1,A,три,ездачка,На земята лежаха три съборени,Fillers1_STE-022_mono.wav,Fillers1_STE-022_mono.wav,C,filler1_A_ездачка_три_C,ездачки,ездачки,
filler1,APN,три,ездачка,На земята лежаха три съборени от кончето,Fillers1_STE-023_mono.wav,Fillers1_STE-023_mono.wav,A,filler1_APN_ездачка_три_A,ездачки,ездачки,
filler1,APAdvAN,три,ездачка,На земята лежаха три съборени от много буйното конче,Fillers1_STE-024_mono.wav,Fillers1_STE-024_mono.wav,B,filler1_APAdvAN_ездачка_три_B,ездачки,ездачки,
filler1,A,четири,врата,При проверката се намериха четири отворени,Fillers1_STE-025_mono.wav,Fillers1_STE-025_mono.wav,B,filler1_A_врата_четири_B,врати,врати,
filler1,APN,четири,врата,При проверката се намериха четири отворени с ключето,Fillers1_STE-026_mono.wav,Fillers1_STE-026_mono.wav,C,filler1_APN_врата_четири_C,врати,врати,
filler1,APAdvAN,четири,врата,При проверката се намериха четири отворени с много малкото ключе,Fillers1_STE-027_mono.wav,Fillers1_STE-027_mono.wav,A,filler1_APAdvAN_врата_четири_A,врати,врати,
filler1,A,пет,птица,През прозореца се забелязваха пет сгушени,Fillers1_STE-028_mono.wav,Fillers1_STE-028_mono.wav,A,filler1_A_птица_пет_A,птици,птици,
filler1,APN,пет,птица,През прозореца се забелязваха пет сгушени на клончето,Fillers1_STE-029_mono.wav,Fillers1_STE-029_mono.wav,B,filler1_APN_птица_пет_B,птици,птици,
filler1,APAdvAN,пет,птица,През прозореца се забелязваха пет сгушени на много малкото клонче,Fillers1_STE-030_mono.wav,Fillers1_STE-030_mono.wav,C,filler1_APAdvAN_птица_пет_C,птици,птици,
filler1,A,шест,пчела,Вчера бяха идентифицирани шест жилещи,Fillers1_STE-031_mono.wav,Fillers1_STE-031_mono.wav,C,filler1_A_пчела_шест_C,пчели,пчели,
filler1,APN,шест,пчела,Вчера бяха идентифицирани шест жилещи мечето,Fillers1_STE-032_mono.wav,Fillers1_STE-032_mono.wav,A,filler1_APN_пчела_шест_A,пчели,пчели,
filler1,APAdvAN,шест,пчела,Вчера бяха идентифицирани шест жилещи много малкото мече,Fillers1_STE-033_mono.wav,Fillers1_STE-033_mono.wav,B,filler1_APAdvAN_пчела_шест_B,пчели,пчели,
filler1,A,седем,програма,На заседанието бяха разгледани седем актуални,Fillers1_STE-034_mono.wav,Fillers1_STE-034_mono.wav,B,filler1_A_програма_седем_B,програми,програми,
filler1,APN,седем,програма,На заседанието бяха разгледани седем актуални във времето,Fillers1_STE-035_mono.wav,Fillers1_STE-035_mono.wav,C,filler1_APN_програма_седем_C,програми,програми,
filler1,APAdvAN,седем,програма,На заседанието бяха разгледани седем актуални в много трудното време,Fillers1_STE-036_mono.wav,Fillers1_STE-036_mono.wav,A,filler1_APAdvAN_програма_седем_A,програми,програми,
filler1,A,две,книга,Миналата година излязоха две преведени,Fillers1_STE-037_mono.wav,Fillers1_STE-037_mono.wav,A,filler1_A_книга_две_A,книги,книги,
filler1,APN,две,книга,Миналата година излязоха две преведени от ученика,Fillers1_STE-038_mono.wav,Fillers1_STE-038_mono.wav,B,filler1_APN_книга_две_B,книги,книги,
filler1,APAdvAN,две,книга,Миналата година излязоха две преведени от много ученолюбивия ученик,Fillers1_STE-039_mono.wav,Fillers1_STE-039_mono.wav,C,filler1_APAdvAN_книга_две_C,книги,книги,
filler1,A,три,кола,По пътя се движеха три поправени,Fillers1_STE-040_mono.wav,Fillers1_STE-040_mono.wav,C,filler1_A_кола_три_C,коли,коли,
filler1,APN,три,кола,По пътя се движеха три поправени от майстора,Fillers1_STE-041_mono.wav,Fillers1_STE-041_mono.wav,A,filler1_APN_кола_три_A,коли,коли,
filler1,APAdvAN,три,кола,По пътя се движеха три поправени от много сръчния майстор,Fillers1_STE-042_mono.wav,Fillers1_STE-042_mono.wav,B,filler1_APAdvAN_кола_три_B,коли,коли,
filler1,A,четири,гора,През нощта горяха четири подпалени,Fillers1_STE-043_mono.wav,Fillers1_STE-043_mono.wav,B,filler1_A_гора_четири_B,гори,гори,
filler1,APN,четири,гора,През нощта горяха четири подпалени от бракониера,Fillers1_STE-044_mono.wav,Fillers1_STE-044_mono.wav,C,filler1_APN_гора_четири_C,гори,гори,
filler1,APAdvAN,четири,гора,През нощта горяха четири подпалени от много опасния бракониер,Fillers1_STE-045_mono.wav,Fillers1_STE-045_mono.wav,A,filler1_APAdvAN_гора_четири_A,гори,гори,
filler1,A,пет,доставка,Вчера пристигнаха пет превозени,Fillers1_STE-046_mono.wav,Fillers1_STE-046_mono.wav,A,filler1_A_доставка_пет_A,доставки,доставки,
filler1,APN,пет,доставка,Вчера пристигнаха пет превозени с камиона,Fillers1_STE-047_mono.wav,Fillers1_STE-047_mono.wav,B,filler1_APN_доставка_пет_B,доставки,доставки,
filler1,APAdvAN,пет,доставка,Вчера пристигнаха пет превозени с много големия камион,Fillers1_STE-048_mono.wav,Fillers1_STE-048_mono.wav,C,filler1_APAdvAN_доставка_пет_C,доставки,доставки,
filler1,A,шест,песен,В залата прозвучаха шест изпeти,Fillers1_STE-049_mono.wav,Fillers1_STE-049_mono.wav,C,filler1_A_песен_шест_C,песни,песни,
filler1,APN,шест,песен,В залата прозвучаха шест изпeти от певеца,Fillers1_STE-050_mono.wav,Fillers1_STE-050_mono.wav,A,filler1_APN_песен_шест_A,песни,песни,
filler1,APAdvAN,шест,песен,В залата прозвучаха шест изпeти от много известния певец,Fillers1_STE-051_mono.wav,Fillers1_STE-051_mono.wav,B,filler1_APAdvAN_песен_шест_B,песни,песни,
filler1,A,седем,кофа,Пред вратата бяха оставени седем пълни,Fillers1_STE-052_mono.wav,Fillers1_STE-052_mono.wav,B,filler1_A_кофа_седем_B,кофи,кофи,
filler1,APN,седем,кофа,Пред вратата бяха оставени седем пълни със сняг,Fillers1_STE-053_mono.wav,Fillers1_STE-053_mono.wav,C,filler1_APN_кофа_седем_C,кофи,кофи,
filler1,APAdvAN,седем,кофа,Пред вратата бяха оставени седем пълни с много ситен сняг,Fillers1_STE-054_mono.wav,Fillers1_STE-054_mono.wav,A,filler1_APAdvAN_кофа_седем_A,кофи,кофи,
filler1,A,две,брошура,На масата бяха подредени две оцветени брошури,Fillers1_STE-055_mono.wav,Fillers1_STE-055_mono.wav,A,filler1_A_брошура_две_A,брошури,брошури,
filler1,APN,две,брошура,На масата бяха подредени две оцветени от студента,Fillers1_STE-056_mono.wav,Fillers1_STE-056_mono.wav,B,filler1_APN_брошура_две_B,брошури,брошури,
filler1,APAdvAN,две,брошура,На масата бяха подредени две оцветени от много умния студент,Fillers1_STE-057_mono.wav,Fillers1_STE-057_mono.wav,C,filler1_APAdvAN_брошура_две_C,брошури,брошури,
filler1,A,три,чаша,На земята проблясваха три счупени,Fillers1_STE-058_mono.wav,Fillers1_STE-058_mono.wav,C,filler1_A_чаша_три_C,чаши,чаши,
filler1,APN,три,чаша,На земята проблясваха три счупени след удара,Fillers1_STE-059_mono.wav,Fillers1_STE-059_mono.wav,A,filler1_APN_чаша_три_A,чаши,чаши,
filler1,APAdvAN,три,чаша,На земята проблясваха три счупени след много силния удар,Fillers1_STE-060_mono.wav,Fillers1_STE-060_mono.wav,B,filler1_APAdvAN_чаша_три_B,чаши,чаши,
filler1,A,четири,бутилка,В барчето бяха сложени четири пълни,Fillers1_STE-061_mono.wav,Fillers1_STE-061_mono.wav,B,filler1_A_бутилка_четири_B,бутилки,бутилки,
filler1,APN,четири,бутилка,В барчето бяха сложени четири пълни с коняк,Fillers1_STE-062_mono.wav,Fillers1_STE-062_mono.wav,C,filler1_APN_бутилка_четири_C,бутилки,бутилки,
filler1,APAdvAN,четири,бутилка,В барчето бяха сложени четири пълни с много силен коняк,Fillers1_STE-063_mono.wav,Fillers1_STE-063_mono.wav,A,filler1_APAdvAN_бутилка_четири_A,бутилки,бутилки,
filler1,A,пет,новела,Подготвяха се за печат пет написани,Fillers1_STE-064_mono.wav,Fillers1_STE-064_mono.wav,A,filler1_A_новела_пет_A,новели,новели,
filler1,APN,пет,новела,Подготвяха се за печат пет написани от автора,Fillers1_STE-065_mono.wav,Fillers1_STE-065_mono.wav,B,filler1_APN_новела_пет_B,новели,новели,
filler1,APAdvAN,пет,новела,Подготвяха се за печат пет написани от много известния автор,Fillers1_STE-066_mono.wav,Fillers1_STE-066_mono.wav,C,filler1_APAdvAN_новела_пет_C,новели,новели,
filler1,A,шест,служителка,На комисията се оплакаха шест тормозени,Fillers1_STE-067_mono.wav,Fillers1_STE-067_mono.wav,C,filler1_A_служителка_шест_C,служителки,служителки,
filler1,APN,шест,служителка,На комисията се оплакаха шест тормозени от шефа,Fillers1_STE-068_mono.wav,Fillers1_STE-068_mono.wav,A,filler1_APN_служителка_шест_A,служителки,служителки,
filler1,APAdvAN,шест,служителка,На комисията се оплакаха шест тормозени от много лошия шеф,Fillers1_STE-069_mono.wav,Fillers1_STE-069_mono.wav,B,filler1_APAdvAN_служителка_шест_B,служителки,служителки,
filler1,A,седем,анкета,В списанието бяха публикувани седем попълнени,Fillers1_STE-070_mono.wav,Fillers1_STE-070_mono.wav,B,filler1_A_анкета_седем_B,анкети,анкети,
filler1,APN,седем,анкета,В списанието бяха публикувани седем попълнени от клиента,Fillers1_STE-071_mono.wav,Fillers1_STE-071_mono.wav,C,filler1_APN_анкета_седем_C,анкети,анкети,
filler1,APAdvAN,седем,анкета,В списанието бяха публикувани седем попълнени от много доволния клиент,Fillers1_STE-072_mono.wav,Fillers1_STE-072_mono.wav,A,filler1_APAdvAN_анкета_седем_A,анкети,анкети,
filler2,A,,терен,Зад хълма се намираха обработени,Fillers2_STE-067_mono.wav,Fillers2_STE-067_mono.wav,A,filler2_A_терен__A,терени,терена,
filler2,APN,,терен,Зад хълма се намираха обработени от трактора,Fillers2_STE-068_mono.wav,Fillers2_STE-068_mono.wav,B,filler2_APN_терен__B,терени,терена,
filler2,APAdvAN,,терен,Зад хълма се намираха обработени от много големия трактор,Fillers2_STE-069_mono.wav,Fillers2_STE-069_mono.wav,C,filler2_APAdvAN_терен__C,терени,терена,
filler2,A,,креват,Снощи бяха поправени счупените,Fillers2_STE-070_mono.wav,Fillers2_STE-070_mono.wav,C,filler2_A_креват__C,кревати,кревата,
filler2,APN,,креват,Снощи бяха поправени счупените с камъка,Fillers2_STE-071_mono.wav,Fillers2_STE-071_mono.wav,A,filler2_APN_креват__A,кревати,кревата,
filler2,APAdvAN,,креват,Снощи бяха поправени счупените с много големия камък,Fillers2_STE-072_mono.wav,Fillers2_STE-072_mono.wav,B,filler2_APAdvAN_креват__B,кревати,кревата,
filler2,A,,войник,На листа личаха нарисуваните,Fillers2_STE-001_mono.wav,Fillers2_STE-001_mono.wav,B,filler2_A_войник__B,войници,войника,
filler2,APN,,войник,На листа личаха нарисуваните с моливa,Fillers2_STE-002_mono.wav,Fillers2_STE-002_mono.wav,C,filler2_APN_войник__C,войници,войника,
filler2,APAdvAN,,войник,На листа личаха нарисуваните с много малкия молив,Fillers2_STE-003_mono.wav,Fillers2_STE-003_mono.wav,A,filler2_APAdvAN_войник__A,войници,войника,
filler2,A,,домат,В хладилника бяха сложени нарязани,Fillers2_STE-004_mono.wav,Fillers2_STE-004_mono.wav,A,filler2_A_домат__A,домати,домата,
filler2,APN,,домат,В хладилника бяха сложени нарязани с ножа,Fillers2_STE-005_mono.wav,Fillers2_STE-005_mono.wav,B,filler2_APN_домат__B,домати,домата,
filler2,APAdvAN,,домат,В хладилника бяха сложени нарязани с много острия нож,Fillers2_STE-006_mono.wav,Fillers2_STE-006_mono.wav,C,filler2_APAdvAN_домат__C,домати,домата,
filler2,A,,орех,В гората се виждаха отсечените,Fillers2_STE-007_mono.wav,Fillers2_STE-007_mono.wav,C,filler2_A_орех__C,орехи,ореха,
filler2,APN,,орех,В гората се виждаха отсечените от дърваря,Fillers2_STE-008_mono.wav,Fillers2_STE-008_mono.wav,A,filler2_APN_орех__A,орехи,ореха,
filler2,APAdvAN,,орех,В гората се виждаха отсечените от много стария дървар,Fillers2_STE-009_mono.wav,Fillers2_STE-009_mono.wav,B,filler2_APAdvAN_орех__B,орехи,ореха,
filler2,A,,язовир,На конференцията се обсъждаха замърсените,Fillers2_STE-010_mono.wav,Fillers2_STE-010_mono.wav,B,filler2_A_язовир__B,язовири,язовира,
filler2,APN,,язовир,На конференцията се обсъждаха замърсените с химикал,Fillers2_STE-011_mono.wav,Fillers2_STE-011_mono.wav,C,filler2_APN_язовир__C,язовири,язовира,
filler2,APAdvAN,,язовир,На конференцията се обсъждаха замърсените с много опасен химикал,Fillers2_STE-012_mono.wav,Fillers2_STE-012_mono.wav,A,filler2_APAdvAN_язовир__A,язовири,язовира,
filler2,A,,курорт,На снимката се открояваха новоизградените,Fillers2_STE-013_mono.wav,Fillers2_STE-013_mono.wav,A,filler2_A_курорт__A,курорти,курорта,
filler2,APN,,курорт,На снимката се открояваха новоизградените от предприемача,Fillers2_STE-014_mono.wav,Fillers2_STE-014_mono.wav,B,filler2_APN_курорт__B,курорти,курорта,
filler2,APAdvAN,,курорт,На снимката се открояваха новоизградените от много богатия предприемач,Fillers2_STE-015_mono.wav,Fillers2_STE-015_mono.wav,C,filler2_APAdvAN_курорт__C,курорти,курорта,
filler2,A,,пуловер,В гардероба бяха закачени почистените,Fillers2_STE-016_mono.wav,Fillers2_STE-016_mono.wav,C,filler2_A_пуловер__C,пуловери,пуловера,
filler2,APN,,пуловер,В гардероба бяха закачени почистените с препарат,Fillers2_STE-017_mono.wav,Fillers2_STE-017_mono.wav,A,filler2_APN_пуловер__A,пуловери,пуловера,
filler2,APAdvAN,,пуловер,В гардероба бяха закачени почистените с много силен препарат,Fillers2_STE-018_mono.wav,Fillers2_STE-018_mono.wav,B,filler2_APAdvAN_пуловер__B,пуловери,пуловера,
filler2,A,,ученик,В ъгъла стояха наказаните,Fillers2_STE-019_mono.wav,Fillers2_STE-019_mono.wav,B,filler2_A_ученик__B,ученици,ученика,
filler2,APN,,ученик,В ъгъла стояха наказаните от учителя,Fillers2_STE-020_mono.wav,Fillers2_STE-020_mono.wav,C,filler2_APN_ученик__C,ученици,ученика,
filler2,APAdvAN,,ученик,В ъгъла стояха наказаните от много строгия учител,Fillers2_STE-021_mono.wav,Fillers2_STE-021_mono.wav,A,filler2_APAdvAN_ученик__A,ученици,ученика,
filler2,A,,учител,На стола си почиваха консултираните,Fillers2_STE-022_mono.wav,Fillers2_STE-022_mono.wav,A,filler2_A_учител__A,учители,учителя,
filler2,APN,,учител,На стола си почиваха консултираните от психолога,Fillers2_STE-023_mono.wav,Fillers2_STE-023_mono.wav,B,filler2_APN_учител__B,учители,учителя,
filler2,APAdvAN,,учител,На стола си почиваха консултираните от много опитния психолог,Fillers2_STE-024_mono.wav,Fillers2_STE-024_mono.wav,C,filler2_APAdvAN_учител__C,учители,учителя,
filler2,A,,роман,Лесно се четяха редактираните,Fillers2_STE-025_mono.wav,Fillers2_STE-025_mono.wav,C,filler2_A_роман__C,романи,романа,
filler2,APN,,роман,Лесно се четяха редактираните от редактора,Fillers2_STE-026_mono.wav,Fillers2_STE-026_mono.wav,A,filler2_APN_роман__A,романи,романа,
filler2,APAdvAN,,роман,Лесно се четяха редактираните от много внимателния редактор,Fillers2_STE-027_mono.wav,Fillers2_STE-027_mono.wav,B,filler2_APAdvAN_роман__B,романи,романа,
filler2,A,,емигрант,В полицията бяха идентифицирани превозените,Fillers2_STE-028_mono.wav,Fillers2_STE-028_mono.wav,B,filler2_A_емигрант__B,емигранти,емигранта,
filler2,APN,,емигрант,В полицията бяха идентифицирани превозените в тира,Fillers2_STE-029_mono.wav,Fillers2_STE-029_mono.wav,C,filler2_APN_емигрант__C,емигранти,емигранта,
filler2,APAdvAN,,емигрант,В полицията бяха идентифицирани превозените в много големия тир,Fillers2_STE-030_mono.wav,Fillers2_STE-030_mono.wav,A,filler2_APAdvAN_емигрант__A,емигранти,емигранта,
filler2,A,,гирлянд,От кутията се показваха съхраняваните,Fillers2_STE-031_mono.wav,Fillers2_STE-031_mono.wav,A,filler2_A_гирлянд__A,гирлянди,гирлянда,
filler2,APN,,гирлянд,От кутията се показваха съхраняваните от дамата,Fillers2_STE-032_mono.wav,Fillers2_STE-032_mono.wav,B,filler2_APN_гирлянд__B,гирлянди,гирлянда,
filler2,APAdvAN,,гирлянд,От кутията се показваха съхраняваните от много младата дама,Fillers2_STE-033_mono.wav,Fillers2_STE-033_mono.wav,C,filler2_APAdvAN_гирлянд__C,гирлянди,гирлянда,
filler2,A,,крем,В аптеката се продаваха рекламираните,Fillers2_STE-034_mono.wav,Fillers2_STE-034_mono.wav,C,filler2_A_крем__C,кремове,крема,
filler2,APN,,крем,В аптеката се продаваха рекламираните от компанията,Fillers2_STE-035_mono.wav,Fillers2_STE-035_mono.wav,A,filler2_APN_крем__A,кремове,крема,
filler2,APAdvAN,,крем,В аптеката се продаваха рекламираните от много известната компания,Fillers2_STE-036_mono.wav,Fillers2_STE-036_mono.wav,B,filler2_APAdvAN_крем__B,кремове,крема,
filler2,A,,камък,След обяд бяха намерени хвърлените,Fillers2_STE-037_mono.wav,Fillers2_STE-037_mono.wav,B,filler2_A_камък__B,камъни,камъка,
filler2,APN,,камък,След обяд бяха намерени хвърлените в реката,Fillers2_STE-038_mono.wav,Fillers2_STE-038_mono.wav,C,filler2_APN_камък__C,камъни,камъка,
filler2,APAdvAN,,камък,След обяд бяха намерени хвърлените в много голямата река,Fillers2_STE-039_mono.wav,Fillers2_STE-039_mono.wav,A,filler2_APAdvAN_камък__A,камъни,камъка,
filler2,A,,документ,Във вестника бяха публикувани приетите,Fillers2_STE-040_mono.wav,Fillers2_STE-040_mono.wav,A,filler2_A_документ__A,документи,документа,
filler2,APN,,документ,Във вестника бяха публикувани приетите след срещата,Fillers2_STE-041_mono.wav,Fillers2_STE-041_mono.wav,B,filler2_APN_документ__B,документи,документа,
filler2,APAdvAN,,документ,Във вестника бяха публикувани приетите след много късната среща,Fillers2_STE-042_mono.wav,Fillers2_STE-042_mono.wav,C,filler2_APAdvAN_документ__C,документи,документа,
filler2,A,,карамфил,От градината бяха откъснати засадените,Fillers2_STE-043_mono.wav,Fillers2_STE-043_mono.wav,C,filler2_A_карамфил__C,карамфили,карамфила,
filler2,APN,,карамфил,От градината бяха откъснати засадените от девойката,Fillers2_STE-044_mono.wav,Fillers2_STE-044_mono.wav,A,filler2_APN_карамфил__A,карамфили,карамфила,
filler2,APAdvAN,,карамфил,От градината бяха откъснати засадените от много красивата девойка,Fillers2_STE-045_mono.wav,Fillers2_STE-045_mono.wav,B,filler2_APAdvAN_карамфил__B,карамфили,карамфила,
filler2,A,,овен,Във фермата живееха отгледаните,Fillers2_STE-046_mono.wav,Fillers2_STE-046_mono.wav,B,filler2_A_овен__B,овни,овена,овени
filler2,APN,,овен,Във фермата живееха отгледаните от фермерката,Fillers2_STE-047_mono.wav,Fillers2_STE-047_mono.wav,C,filler2_APN_овен__C,овни,овена,овени
filler2,APAdvAN,,овен,Във фермата живееха отгледаните от много старата фермерка,Fillers2_STE-048_mono.wav,Fillers2_STE-048_mono.wav,A,filler2_APAdvAN_овен__A,овни,овена,овени
filler2,A,,панталон,Бързо се купуваха разкроените,Fillers2_STE-049_mono.wav,Fillers2_STE-049_mono.wav,A,filler2_A_панталон__A,панталони,панталона,
filler2,APN,,панталон,Бързо се купуваха разкроените от шивачката,Fillers2_STE-050_mono.wav,Fillers2_STE-050_mono.wav,B,filler2_APN_панталон__B,панталони,панталона,
filler2,APAdvAN,,панталон,Бързо се купуваха разкроените от много опитната шивачка,Fillers2_STE-051_mono.wav,Fillers2_STE-051_mono.wav,C,filler2_APAdvAN_панталон__C,панталони,панталона,
filler2,A,,гардероб,Тази сутрин бяха подредени почистените,Fillers2_STE-052_mono.wav,Fillers2_STE-052_mono.wav,C,filler2_A_гардероб__C,гардероби,гардероба,
filler2,APN,,гардероб,Тази сутрин бяха подредени почистените от домакинята,Fillers2_STE-053_mono.wav,Fillers2_STE-053_mono.wav,A,filler2_APN_гардероб__A,гардероби,гардероба,
filler2,APAdvAN,,гардероб,Тази сутрин бяха подредени почистените от много добрата домакиня,Fillers2_STE-054_mono.wav,Fillers2_STE-054_mono.wav,B,filler2_APAdvAN_гардероб__B,гардероби,гардероба,
filler2,A,,портрет,На стената висяха дарените портрети,Fillers2_STE-055_mono.wav,Fillers2_STE-055_mono.wav,B,filler2_A_портрет__B,портрети,портрета,
filler2,APN,,портрет,На стената висяха дарените от фирмата,Fillers2_STE-056_mono.wav,Fillers2_STE-056_mono.wav,C,filler2_APN_портрет__C,портрети,портрета,
filler2,APAdvAN,,портрет,На стената висяха дарените от много известната фирма,Fillers2_STE-057_mono.wav,Fillers2_STE-057_mono.wav,A,filler2_APAdvAN_портрет__A,портрети,портрета,
filler2,A,,байрак,На площада се развяваха ушитите,Fillers2_STE-058_mono.wav,Fillers2_STE-058_mono.wav,A,filler2_A_байрак__A,байраци,байрака,
filler2,APN,,байрак,На площада се развяваха ушитите от вдовицата,Fillers2_STE-059_mono.wav,Fillers2_STE-059_mono.wav,B,filler2_APN_байрак__B,байраци,байрака,
filler2,APAdvAN,,байрак,На площада се развяваха ушитите от много смелата вдовица,Fillers2_STE-060_mono.wav,Fillers2_STE-060_mono.wav,C,filler2_APAdvAN_байрак__C,байраци,байрака,
filler2,A,,далматинец,На дивана лежаха обучените,Fillers2_STE-061_mono.wav,Fillers2_STE-061_mono.wav,C,filler2_A_далматинец__C,далматинци,далматинеца,
filler2,APN,,далматинец,На дивана лежаха обучените от стопанката,Fillers2_STE-062_mono.wav,Fillers2_STE-062_mono.wav,A,filler2_APN_далматинец__A,далматинци,далматинеца,
filler2,APAdvAN,,далматинец,На дивана лежаха обучените от много добрата стопанка,Fillers2_STE-063_mono.wav,Fillers2_STE-063_mono.wav,B,filler2_APAdvAN_далматинец__B,далматинци,далматинеца,
filler2,A,,дворец,Преди дни бяха отворени реставрираните,Fillers2_STE-064_mono.wav,Fillers2_STE-064_mono.wav,B,filler2_A_дворец__B,дворци,двореца,
filler2,APN,,дворец,Преди дни бяха отворени реставрираните от реставраторката,Fillers2_STE-065_mono.wav,Fillers2_STE-065_mono.wav,C,filler2_APN_дворец__C,дворци,двореца,
filler2,APAdvAN,,дворец,Преди дни бяха отворени реставрираните от много известната реставраторка,Fillers2_STE-066_mono.wav,Fillers2_STE-066_mono.wav,A,filler2_APAdvAN_дворец__A,дворци,двореца,
filler3,A,,рокля,В пералнята се перяха намокрените,Fillers3_STE-001_mono.wav,Fillers3_STE-001_mono.wav,A,filler3_A_рокля__A,рокли,рокли,
filler3,APN,,рокля,В пералнята се перяха намокрените от дъжда,Fillers3_STE-002_mono.wav,Fillers3_STE-002_mono.wav,B,filler3_APN_рокля__B,рокли,рокли,
filler3,APAdvAN,,рокля,В пералнята се перяха намокрените от много силния дъжд,Fillers3_STE-003_mono.wav,Fillers3_STE-003_mono.wav,C,filler3_APAdvAN_рокля__C,рокли,рокли,
filler3,A,,снимка,От чекмеджето се подаваха направените,Fillers3_STE-004_mono.wav,Fillers3_STE-004_mono.wav,C,filler3_A_снимка__C,снимки,снимки,
filler3,APN,,снимка,От чекмеджето се подаваха направените с фотоапарата,Fillers3_STE-005_mono.wav,Fillers3_STE-005_mono.wav,A,filler3_APN_снимка__A,снимки,снимки,
filler3,APAdvAN,,снимка,От чекмеджето се подаваха направените с много скъпия фотоапарат,Fillers3_STE-006_mono.wav,Fillers3_STE-006_mono.wav,B,filler3_APAdvAN_снимка__B,снимки,снимки,
filler3,A,,котка,В градината се криеха избягалите,Fillers3_STE-007_mono.wav,Fillers3_STE-007_mono.wav,B,filler3_A_котка__B,котки,котки,
filler3,APN,,котка,В градината се криеха избягалите от зоомагазина,Fillers3_STE-008_mono.wav,Fillers3_STE-008_mono.wav,C,filler3_APN_котка__C,котки,котки,
filler3,APAdvAN,,котка,В градината се криеха избягалите от много близкия зоомагазин,Fillers3_STE-009_mono.wav,Fillers3_STE-009_mono.wav,A,filler3_APAdvAN_котка__A,котки,котки,
filler3,A,,пъстърва,За вечеря бяха приготвени замразените,Fillers3_STE-010_mono.wav,Fillers3_STE-010_mono.wav,A,filler3_A_пъстърва__A,пъстърви,пъстърви,
filler3,APN,,пъстърва,За вечеря бяха приготвени замразените в хладилника,Fillers3_STE-011_mono.wav,Fillers3_STE-011_mono.wav,B,filler3_APN_пъстърва__B,пъстърви,пъстърви,
filler3,APAdvAN,,пъстърва,За вечеря бяха приготвени замразените в много големия хладилник,Fillers3_STE-012_mono.wav,Fillers3_STE-012_mono.wav,C,filler3_APAdvAN_пъстърва__C,пъстърви,пъстърви,
filler3,A,,терористка,В затвора бяха изпратени осъдените,Fillers3_STE-013_mono.wav,Fillers3_STE-013_mono.wav,C,filler3_A_терористка__C,терористки,терористки,
filler3,APN,,терористка,В затвора бяха изпратени осъдените от съдията,Fillers3_STE-014_mono.wav,Fillers3_STE-014_mono.wav,A,filler3_APN_терористка__A,терористки,терористки,
filler3,APAdvAN,,терористка,В затвора бяха изпратени осъдените от много строгия съдия,Fillers3_STE-015_mono.wav,Fillers3_STE-015_mono.wav,B,filler3_APAdvAN_терористка__B,терористки,терористки,
filler3,A,,работа,В учителската стая се обсъждаха коригираните,Fillers3_STE-016_mono.wav,Fillers3_STE-016_mono.wav,B,filler3_A_работа__B,работи,работи,
filler3,APN,,работа,В учителската стая се обсъждаха коригираните от учителя,Fillers3_STE-017_mono.wav,Fillers3_STE-017_mono.wav,C,filler3_APN_работа__C,работи,работи,
filler3,APAdvAN,,работа,В учителската стая се обсъждаха коригираните от много добрия учител,Fillers3_STE-018_mono.wav,Fillers3_STE-018_mono.wav,A,filler3_APAdvAN_работа__A,работи,работи,
filler3,A,,нива,В продължение на километри се простираха изораните,Fillers3_STE-019_mono.wav,Fillers3_STE-019_mono.wav,A,filler3_A_нива__A,ниви,ниви,
filler3,APN,,нива,В продължение на километри се простираха изораните от селянина,Fillers3_STE-020_mono.wav,Fillers3_STE-020_mono.wav,B,filler3_APN_нива__B,ниви,ниви,
filler3,APAdvAN,,нива,В продължение на километри се простираха изораните от много възрастния селянин,Fillers3_STE-021_mono.wav,Fillers3_STE-021_mono.wav,C,filler3_APAdvAN_нива__C,ниви,ниви,
filler3,A,,традиция,В селото се спазваха характерните,Fillers3_STE-022_mono.wav,Fillers3_STE-022_mono.wav,C,filler3_A_традиция__C,традиции,традиции,
filler3,APN,,традиция,В селото се спазваха характерните за народа,Fillers3_STE-023_mono.wav,Fillers3_STE-023_mono.wav,A,filler3_APN_традиция__A,традиции,традиции,
filler3,APAdvAN,,традиция,В селото се спазваха характерните за много древния народ,Fillers3_STE-024_mono.wav,Fillers3_STE-024_mono.wav,B,filler3_APAdvAN_традиция__B,традиции,традиции,
filler3,A,,крава,На ливадата пасяха обичаните,Fillers3_STE-025_mono.wav,Fillers3_STE-025_mono.wav,B,filler3_A_крава__B,крави,крави,
filler3,APN,,крава,На ливадата пасяха обичаните от стопанина,Fillers3_STE-026_mono.wav,Fillers3_STE-026_mono.wav,C,filler3_APN_крава__C,крави,крави,
filler3,APAdvAN,,крава,На ливадата пасяха обичаните от много милия стопанин,Fillers3_STE-027_mono.wav,Fillers3_STE-027_mono.wav,A,filler3_APAdvAN_крава__A,крави,крави,
filler3,A,,докторка,В махалата болните лекуваха известните,Fillers3_STE-028_mono.wav,Fillers3_STE-028_mono.wav,A,filler3_A_докторка__A,докторки,докторки,
filler3,APN,,докторка,В махалата болните лекуваха известните в региона,Fillers3_STE-029_mono.wav,Fillers3_STE-029_mono.wav,B,filler3_APN_докторка__B,докторки,докторки,
filler3,APAdvAN,,докторка,В махалата болните лекуваха известните в много големия регион,Fillers3_STE-030_mono.wav,Fillers3_STE-030_mono.wav,C,filler3_APAdvAN_докторка__C,докторки,докторки,
filler3,A,,звезда,На небето светеха впечатляващите,Fillers3_STE-031_mono.wav,Fillers3_STE-031_mono.wav,C,filler3_A_звезда__C,звезди,звезди,
filler3,APN,,звезда,На небето светеха впечатляващите моряка,Fillers3_STE-032_mono.wav,Fillers3_STE-032_mono.wav,A,filler3_APN_звезда__A,звезди,звезди,
filler3,APAdvAN,,звезда,На небето светеха впечатляващите много стария моряк,Fillers3_STE-033_mono.wav,Fillers3_STE-033_mono.wav,B,filler3_APAdvAN_звезда__B,звезди,звезди,
filler3,A,,пациентка,В болницата чакаха ранените,Fillers3_STE-034_mono.wav,Fillers3_STE-034_mono.wav,B,filler3_A_пациентка__B,пациентки,пациентки,
filler3,APN,,пациентка,В болницата чакаха ранените от вълка,Fillers3_STE-035_mono.wav,Fillers3_STE-035_mono.wav,C,filler3_APN_пациентка__C,пациентки,пациентки,
filler3,APAdvAN,,пациентка,В болницата чакаха ранените от много агресивния вълк,Fillers3_STE-036_mono.wav,Fillers3_STE-036_mono.wav,A,filler3_APAdvAN_пациентка__A,пациентки,пациентки,
filler3,A,,скала,Миналия месец рухнаха напуканите,Fillers3_STE-037_mono.wav,Fillers3_STE-037_mono.wav,A,filler3_A_скала__A,скали,скали,
filler3,APN,,скала,Миналия месец рухнаха напуканите през лятото,Fillers3_STE-038_mono.wav,Fillers3_STE-038_mono.wav,B,filler3_APN_скала__B,скали,скали,
filler3,APAdvAN,,скала,Миналия месец рухнаха напуканите през много горещото лято,Fillers3_STE-039_mono.wav,Fillers3_STE-039_mono.wav,C,filler3_APAdvAN_скала__C,скали,скали,
filler3,A,,картичка,Онази нощ децата радваха надписаните,Fillers3_STE-040_mono.wav,Fillers3_STE-040_mono.wav,C,filler3_A_картичка__C,картички,картички,
filler3,APN,,картичка,Онази нощ децата радваха надписаните със старание,Fillers3_STE-041_mono.wav,Fillers3_STE-041_mono.wav,A,filler3_APN_картичка__A,картички,картички,
filler3,APAdvAN,,картичка,Онази нощ децата радваха надписаните с много голямо старание,Fillers3_STE-042_mono.wav,Fillers3_STE-042_mono.wav,B,filler3_APAdvAN_картичка__B,картички,картички,
filler3,A,,течност,На сутринта се разсипаха налетите,Fillers3_STE-043_mono.wav,Fillers3_STE-043_mono.wav,B,filler3_A_течност__B,течности,течности,
filler3,APN,,течност,На сутринта се разсипаха налетите в гърнето,Fillers3_STE-044_mono.wav,Fillers3_STE-044_mono.wav,C,filler3_APN_течност__C,течности,течности,
filler3,APAdvAN,,течност,На сутринта се разсипаха налетите в много голямото гърне,Fillers3_STE-045_mono.wav,Fillers3_STE-045_mono.wav,A,filler3_APAdvAN_течност__A,течности,течности,
filler3,A,,мисионерка,В манастира се укриваха избягалите,Fillers3_STE-046_mono.wav,Fillers3_STE-046_mono.wav,A,filler3_A_мисионерка__A,мисионерки,мисионерки,
filler3,APN,,мисионерка,В манастира се укриваха избягалите след приключението,Fillers3_STE-047_mono.wav,Fillers3_STE-047_mono.wav,B,filler3_APN_мисионерка__B,мисионерки,мисионерки,
filler3,APAdvAN,,мисионерка,В манастира се укриваха избягалите след много опасното приключение,Fillers3_STE-048_mono.wav,Fillers3_STE-048_mono.wav,C,filler3_APAdvAN_мисионерка__C,мисионерки,мисионерки,
filler3,A,,джанка,На земята паднаха висящите,Fillers3_STE-049_mono.wav,Fillers3_STE-049_mono.wav,C,filler3_A_джанка__C,джанки,джанки,
filler3,APN,,джанка,На земята паднаха висящите на клончето,Fillers3_STE-050_mono.wav,Fillers3_STE-050_mono.wav,A,filler3_APN_джанка__A,джанки,джанки,
filler3,APAdvAN,,джанка,На земята паднаха висящите на много тънкото клонче,Fillers3_STE-051_mono.wav,Fillers3_STE-051_mono.wav,B,filler3_APAdvAN_джанка__B,джанки,джанки,
filler3,A,,специалистка,Върху проблема работеха изморените,Fillers3_STE-052_mono.wav,Fillers3_STE-052_mono.wav,B,filler3_A_специалистка__B,специалистки,специалистки,
filler3,APN,,специалистка,Върху проблема работеха изморените след безсъние,Fillers3_STE-053_mono.wav,Fillers3_STE-053_mono.wav,C,filler3_APN_специалистка__C,специалистки,специалистки,
filler3,APAdvAN,,специалистка,Върху проблема работеха изморените след много дълго безсъние,Fillers3_STE-054_mono.wav,Fillers3_STE-054_mono.wav,A,filler3_APAdvAN_специалистка__A,специалистки,специалистки,
filler3,A,,спринтьорка,Състезанието спечелиха изтощените,Fillers3_STE-055_mono.wav,Fillers3_STE-055_mono.wav,A,filler3_A_спринтьорка__A,спринтьорки,спринтьорки,
filler3,APN,,спринтьорка,Състезанието спечелиха изтощените след бягането,Fillers3_STE-056_mono.wav,Fillers3_STE-056_mono.wav,B,filler3_APN_спринтьорка__B,спринтьорки,спринтьорки,
filler3,APAdvAN,,спринтьорка,Състезанието спечелиха изтощените след много дългото бягане,Fillers3_STE-057_mono.wav,Fillers3_STE-057_mono.wav,C,filler3_APAdvAN_спринтьорка__C,спринтьорки,спринтьорки,
filler3,A,,госпожа,В къщата кръвното си мереха отслабналите,Fillers3_STE-058_mono.wav,Fillers3_STE-058_mono.wav,C,filler3_A_госпожа__C,госпожи,госпожи,
filler3,APN,,госпожа,В къщата кръвното си мереха отслабналите след боледуването,Fillers3_STE-059_mono.wav,Fillers3_STE-059_mono.wav,A,filler3_APN_госпожа__A,госпожи,госпожи,
filler3,APAdvAN,,госпожа,В къщата кръвното си мереха отслабналите след много тежкото боледуване,Fillers3_STE-060_mono.wav,Fillers3_STE-060_mono.wav,B,filler3_APAdvAN_госпожа__B,госпожи,госпожи,
filler3,A,,част,Снощи се смениха счупените,Fillers3_STE-061_mono.wav,Fillers3_STE-061_mono.wav,B,filler3_A_част__B,части,части,
filler3,APN,,част,Снощи се смениха счупените с чукчето,Fillers3_STE-062_mono.wav,Fillers3_STE-062_mono.wav,C,filler3_APN_част__C,части,части,
filler3,APAdvAN,,част,Снощи се смениха счупената с много здравото чукче,Fillers3_STE-063_mono.wav,Fillers3_STE-063_mono.wav,A,filler3_APAdvAN_част__A,части,части,
filler3,A,,поляна,През пролетта се раззелениха скритите,Fillers3_STE-064_mono.wav,Fillers3_STE-064_mono.wav,A,filler3_A_поляна__A,поляни,поляни,
filler3,APN,,поляна,През пролетта се раззелениха скритите зад хълмчето,Fillers3_STE-065_mono.wav,Fillers3_STE-065_mono.wav,B,filler3_APN_поляна__B,поляни,поляни,
filler3,APAdvAN,,поляна,През пролетта се раззелениха скритите зад много ниското хълмче,Fillers3_STE-066_mono.wav,Fillers3_STE-066_mono.wav,C,filler3_APAdvAN_поляна__C,поляни,поляни,
filler3,A,,алпинистка,В хижата се настаниха измръзналите,Fillers3_STE-067_mono.wav,Fillers3_STE-067_mono.wav,C,filler3_A_алпинистка__C,алпинистки,алпинистки,
filler3,APN,,алпинистка,В хижата се настаниха измръзналите след изкачването,Fillers3_STE-068_mono.wav,Fillers3_STE-068_mono.wav,A,filler3_APN_алпинистка__A,алпинистки,алпинистки,
filler3,APAdvAN,,алпинистка,В хижата се настаниха измръзналите след много трудното изкачване,Fillers3_STE-069_mono.wav,Fillers3_STE-069_mono.wav,B,filler3_APAdvAN_алпинистка__B,алпинистки,алпинистки,
filler3,A,,дума,На листа трудно се четяха написаните,Fillers3_STE-070_mono.wav,Fillers3_STE-070_mono.wav,B,filler3_A_дума__B,думи,думи,
filler3,APN,,дума,На листа трудно се четяха написаните с мастило,Fillers3_STE-071_mono.wav,Fillers3_STE-071_mono.wav,C,filler3_APN_дума__C,думи,думи,
filler3,APAdvAN,,дума,На листа трудно се четяха написаните с много вредно мастило,Fillers3_STE-072_mono.wav,Fillers3_STE-072_mono.wav,A,filler3_APAdvAN_дума__A,думи,думи,
